key,key:userAccount,firm,proffesionalID,certifications,link
auditor-01,user-account-auditor-01,Audi,12567SDF90,Certificated Auditor by Cambrige,https://github.com/Ignarrman
auditor-02,user-account-auditor-02,πατάτα,23444H3J66,certificaciones,
auditor-03,user-account-auditor-03,Este string tiene 75 caracteres ###########################################,23444H1J66,certificaciones,
auditor-04,user-account-auditor-04,Este string tiene 74 caracteres ##########################################,23444H2J66,certificaciones,
auditor-05,user-account-auditor-05,AB,23445H3J66,certificaciones,
auditor-06,user-account-auditor-06,A,23444H4J66,certificaciones,
auditor-07,user-account-auditor-07,<script>alert('This value is invalid')</script>,23444H5J66,certificaciones,
auditor-08,user-account-auditor-08,<h1>Este atributo es muy bonito</h1>,23444H6J66,certificaciones,
auditor-09,user-account-auditor-09,? ??rm#| ~|?T0{r}I@l,23444L4J66,certificaciones,
auditor-10,user-account-auditor-10,firm,23444H7J66,Este string tiene 100 caracteres ###################################################################,
auditor-11,user-account-auditor-11,firm,23444H8J66,Este string tiene 99 caracteres ###################################################################,
auditor-12,user-account-auditor-12,firm,23444H9J66,AB,
auditor-13,user-account-auditor-13,firm,23444H4J67,A,
auditor-14,user-account-auditor-14,firm,23444H1J67,πατάτα,
auditor-15,user-account-auditor-15,firm,23444H2J67,<h1>Este atributo es muy bonito</h1>,
auditor-16,user-account-auditor-16,firm,23444H3J67,<script>alert('This value is invalid')</script>,
auditor-17,user-account-auditor-17,firm,23444H5J67,? ??rm#| ~|?T0{r}I@l,
auditor-18,user-account-auditor-18,firm,23444H6J67,certificaciones,ftp://user:pass@scme.org
auditor-19,user-account-auditor-19,firm,23444H7J67,certificaciones,http://example.com/a?b
auditor-20,user-account-auditor-20,firm,23444H8J67,certificaciones,https://link.com
