key,key:userAccount,name,VATNumber,summary,link
company-01,user-account-company-01,RedBullRacing,ESB87654321,"Red Bull Racing es una escuderia austriaca de Formula 1",https://www.redbullracing.com/int-es
company-02,user-account-company-02,AstonMartin,ESB32543224,"Aston Martin es una escuderia britanica de Fórmula 1",http://www.aston-martin.com
company-03,user-account-company-03,A,ESB1,"Aston Martin es una escuderia britanica de Fórmula 1",http://www.aston-martin.com
company-04,user-account-company-04,As,ESB2,"Aston Martin es una escuderia britanica de Fórmula 1",http://www.aston-martin.com
company-05,user-account-company-05,AstonMartin with 74 charactersssssssssssssssssssssssssssssssssssssssssssss,ESB3,"Aston Martin es una escuderia britanica de Fórmula 1",http://www.aston-martin.com
company-06,user-account-company-06,AstonMartin with 75 characterssssssssssssssssssssssssssssssssssssssssssssss,ESB4,"Aston Martin es una escuderia britanica de Fórmula 1",http://www.aston-martin.com
company-07,user-account-company-07,阿斯顿·马丁,ESB5,"Aston Martin es una escuderia britanica de Fórmula 1",http://www.aston-martin.com
company-08,user-account-company-08,<b>Aston Martin</b>,ESB6,"Aston Martin es una escuderia britanica de Fórmula 1",http://www.aston-martin.com
company-09,user-account-company-09,<script>alert("Aston Martin")</script>,ESB7,"Aston Martin es una escuderia britanica de Fórmula 1",http://www.aston-martin.com
company-10,user-account-company-10,AstonMartin,E,"Aston Martin es una escuderia britanica de Fórmula 1",http://www.aston-martin.com
company-11,user-account-company-11,AstonMartin,ES,"Aston Martin es una escuderia britanica de Fórmula 1",http://www.aston-martin.com
company-12,user-account-company-12,AstonMartin,ESB325432247429384827594,"Aston Martin es una escuderia britanica de Fórmula 1",http://www.aston-martin.com
company-13,user-account-company-13,AstonMartin,ESB3254322474293848275943,"Aston Martin es una escuderia britanica de Fórmula 1",http://www.aston-martin.com
company-14,user-account-company-14,AstonMartin,ESB8,"A",http://www.aston-martin.com
company-15,user-account-company-15,AstonMartin,ESB9,"As",http://www.aston-martin.com
company-16,user-account-company-16,AstonMartin,ESB10,"Aston Martin es una escuderia britanica de Fórmula 1 with 99 charcarterssssssssssssssssssssssssssss",http://www.aston-martin.com
company-17,user-account-company-17,AstonMartin,ESB11,"Aston Martin es una escuderia britanica de Fórmula 1 with 100 charcarterssssssssssssssssssssssssssss",http://www.aston-martin.com
company-18,user-account-company-18,AstonMartin,ESB12,"<p>Aston Martin es una escuderia britanica de Fórmula 1<p>",http://www.aston-martin.com
company-19,user-account-company-19,AstonMartin,ESB13,"阿斯顿马丁是一支英国一级方程式赛车队。",http://www.aston-martin.com
company-20,user-account-company-20,AstonMartin,ESB14,"<script>alert("Aston Martin")</script>",http://www.aston-martin.com
company-21,user-account-company-21,AstonMartin,ESB15,"Aston Martin es una escuderia britanica de Fórmula 1",null
company-22,user-account-company-22,AstonMartin,ESB16,"Aston Martin es una escuderia britanica de Fórmula 1",
company-23,user-account-company-23,AstonMartin,ESB17,"Aston Martin es una escuderia britanica de Fórmula 1",http://www.acme.com/a?b
company-24,user-account-company-24,AstonMartin,ESB18,"Aston Martin es una escuderia britanica de Fórmula 1",http://www.acme.com/a/b
company-25,user-account-company-25,AstonMartin,ESB19,"Aston Martin es una escuderia britanica de Fórmula 1",ftp://user:pass@acme.org